USE pcmouse;
INSERT INTO Supplier (SupplierId, Name, Address, ContactNumber, Email)
VALUES 
(1, 'TechSupply', 'Kyiv, Vishneva St, 10', '+380501234567', 'techsupply_1@example.com'),
(2, 'MousePro', 'Lviv, Sonyachna St, 22', '+380631234567', 'mousepro_2@example.com'),
(3, 'GadgetWorld', 'Odesa, Deribasivska St, 1', '+380671234567', 'gadgetworld_3@example.com'),
(4, 'UltraTech', 'Kharkiv, Shevchenka St, 5', '+380501234568', 'ultratech_4@example.com'),
(5, 'MegaMouse', 'Dnipro, Central St, 15', '+380631234568', 'megamouse_5@example.com'),
(6, 'ClickMaster', 'Zaporizhzhia, Victory St, 9', '+380671234568', 'clickmaster_6@example.com'),
(7, 'FastClick', 'Vinnytsia, Soborna St, 7', '+380501234569', 'fastclick_7@example.com'),
(8, 'SuperGears', 'Poltava, European St, 12', '+380631234569', 'supergears_8@example.com'),
(9, 'MouseKing', 'Chernihiv, Peace St, 3', '+380671234569', 'mouseking_9@example.com'),
(10, 'GigaSupply', 'Sumy, Freedom St, 18', '+380501234570', 'gigasupply_10@example.com'),
(11, 'ProClick', 'Ternopil, Main St, 4', '+380631234570', 'proclick_11@example.com'),
(12, 'TechMouse', 'Ivano-Frankivsk, Heroes St, 11', '+380671234570', 'techmouse_12@example.com'),
(13, 'SpeedyMouse', 'Cherkasy, Parkova St, 6', '+380501234571', 'speedymouse_13@example.com'),
(14, 'ClickGear', 'Zhytomyr, River St, 20', '+380631234571', 'clickgear_14@example.com'),
(15, 'MaxTech', 'Kherson, Beach St, 2', '+380671234571', 'maxtech_15@example.com'),
(16, 'EliteMouse', 'Chernivtsi, Castle St, 9', '+380501234572', 'elitemouse_16@example.com'),
(17, 'ClickWorks', 'Rivne, Liberty St, 14', '+380631234572', 'clickworks_17@example.com'),
(18, 'TopMouse', 'Kropyvnytskyi, Garden St, 7', '+380671234572', 'topmouse_18@example.com'),
(19, 'SwiftTech', 'Uzhhorod, Border St, 3', '+380501234573', 'swifttech_19@example.com'),
(20, 'PrecisionClick', 'Lutsk, Square St, 10', '+380631234573', 'precisionclick_20@uk.com'),
(21, 'HyperMouse', 'Kyiv, Nova St, 25', '+380671234573', 'hypermouse_21@ua.com'),
(22, 'RapidClick', 'Lviv, Old Town St, 8', '+380501234574', 'rapidclick_22@example.com'),
(23, 'FutureMouse', 'Odesa, Sea St, 17', '+380631234574', 'futuremouse_23@example.com'),
(24, 'NeonGear', 'Kharkiv, Techno St, 12', '+380671234574', 'neongear_24@example.com'),
(25, 'InfinityMouse', 'Dnipro, Riverbank St, 6', '+380501234575', 'infinitymouse_25@example.com'),
(26, 'QuantumClick', 'Zaporizhzhia, Bridge St, 15', '+380631234575', 'quantumclick_26@example.com'),
(27, 'UltimateMouse', 'Vinnytsia, Space St, 11', '+380671234575', 'ultimatemouse_27@example.com'),
(28, 'CyberMouse', 'Poltava, Digital St, 19', '+380501234576', 'cybermouse_28@example.com'),
(29, 'NanoTech', 'Chernihiv, Tech Park St, 22', '+380631234576', 'nanotech_29@example.com'),
(30, 'HorizonGear', 'Sumy, Future St, 30', '+380671234576', 'horizongear_30@example.com'),
(31, 'EvoMouse', 'Ternopil, Vision St, 13', '+380501234577', 'evomouse_31@example.com'),
(32, 'VortexClick', 'Ivano-Frankivsk, Wind St, 18', '+380631234577', 'vortexclick_32@example.com'),
(33, 'StormTech', 'Cherkasy, Thunder St, 21', '+380671234577', 'stormtech_33@example.com'),
(34, 'VelocityMouse', 'Zhytomyr, Motion St, 7', '+380501234578', 'velocitymouse_34@example.com'),
(35, 'TitanMouse', 'Kherson, Power St, 16', '+380631234578', 'titanmouse_35@example.com'),
(36, 'EagleClick', 'Chernivtsi, Sky St, 9', '+380671234578', 'eagleclick_36@example.com'),
(37, 'RapidTech', 'Kyiv, Green St, 27', '+380671234537', 'rapidtech_37@example.com'),
(38, 'ClickPoint', 'Lviv, Maple St, 14', '+380501234538', 'clickpoint_38@example.com'),
(39, 'HyperMouse', 'Odesa, Black Sea St, 8', '+380631234539', 'hypermouse_39@ukr.com'),
(40, 'StormClick', 'Kharkiv, Thunder St, 12', '+380671234540', 'stormclick_40@example.com'),
(41, 'EvoGear', 'Dnipro, Steel St, 19', '+380501234541', 'evogear_41@example.com'),
(42, 'NanoClick', 'Zaporizhzhia, River St, 6', '+380631234542', 'nanoclick_42@example.com'),
(43, 'TechnoMouse', 'Vinnytsia, Oak St, 10', '+380671234543', 'technomouse_43@example.com'),
(44, 'PrecisionClick', 'Poltava, Victory St, 5', '+380501234544', 'precisionclick_44@ukr.com'),
(45, 'OptiMouse', 'Chernihiv, Freedom St, 22', '+380631234545', 'optimouse_45@example.com'),
(46, 'GigaClick', 'Sumy, Main St, 18', '+380671234546', 'gigaclick_46@example.com'),
(47, 'NextGenMouse', 'Ternopil, Lake St, 9', '+380501234547', 'nextgenmouse_47@example.com'),
(48, 'EliteClick', 'Ivano-Frankivsk, Mountain St, 17', '+380631234548', 'eliteclick_48@example.com'),
(49, 'SwiftMouse', 'Cherkasy, Garden St, 13', '+380671234549', 'swiftmouse_49@example.com'),
(50, 'PowerClick', 'Zhytomyr, Sun St, 11', '+380501234550', 'powerclick_50@example.com'),
(51, 'ClickStorm', 'Kherson, Wave St, 20', '+380631234551', 'clickstorm_51@example.com'),
(52, 'NeonTech', 'Chernivtsi, Star St, 7', '+380671234552', 'neontech_52@example.com'),
(53, 'HorizonClick', 'Rivne, Meadow St, 4', '+380501234553', 'horizonclick_53@example.com'),
(54, 'CyberMouse', 'Kropyvnytskyi, Energy St, 2', '+380631234554', 'cybermouse_54@example.com'),
(55, 'InfinityClick', 'Uzhhorod, Sky St, 15', '+380671234555', 'infinityclick_55@example.com'),
(56, 'QuickTech', 'Lutsk, Market St, 21', '+380501234556', 'quicktech_56@example.com'),
(57, 'TitanMouse', 'Kyiv, Riverbank St, 8', '+380631234557', 'titanmouse_57@example.com'),
(58, 'FlashClick', 'Lviv, Castle St, 16', '+380671234558', 'flashclick_58@example.com'),
(59, 'VortexGear', 'Odesa, Port St, 3', '+380501234559', 'vortexgear_59@example.com'),
(60, 'MaxSpeedMouse', 'Kharkiv, Sprint St, 12', '+380631234560', 'maxspeedmouse_60@example.com'),
(61, 'EdgeClick', 'Dnipro, Horizon St, 14', '+380671234561', 'edgeclick_61@example.com'),
(62, 'StormyTech', 'Zaporizhzhia, Wind St, 11', '+380501234562', 'stormytech_62@example.com'),
(63, 'ProGear', 'Vinnytsia, Light St, 17', '+380631234563', 'progear_63@example.com'),
(64, 'ZenClick', 'Poltava, Quiet St, 5', '+380671234564', 'zenclick_64@example.com'),
(65, 'QuantumMouse', 'Chernihiv, Wave St, 22', '+380501234565', 'quantummouse_65@example.com'),
(66, 'UltraClick', 'Sumy, Meadow St, 18', '+380631234566', 'ultraclick_66@example.com'),
(67, 'SmartMouse', 'Ternopil, Oak St, 9', '+380671234567', 'smartmouse_67@example.com'),
(68, 'EagleClick', 'Ivano-Frankivsk, Freedom St, 13', '+380501234568', 'eagleclick_68@example.com'),
(69, 'NeptuneGear', 'Cherkasy, Water St, 11', '+380631234569', 'neptunegear_69@example.com'),
(70, 'SolarMouse', 'Zhytomyr, Star St, 10', '+380671234570', 'solarmouse_70@example.com'),
(71, 'HyperClick', 'Kherson, Tech St, 19', '+380501234571', 'hyperclick_71@example.com'),
(72, 'TurboClick', 'Kyiv, Fast St, 12', '+380671234572', 'turboclick_72@example.com'),
(73, 'LightningMouse', 'Lviv, Flash St, 8', '+380501234573', 'lightningmouse_73@example.com'),
(74, 'SkyTech', 'Odesa, Cloud St, 3', '+380631234574', 'skytech_74@example.com'),
(75, 'WaveClick', 'Kharkiv, Ocean St, 22', '+380671234575', 'waveclick_75@example.com'),
(76, 'EliteGear', 'Dnipro, Diamond St, 19', '+380501234576', 'elitegear_76@example.com'),
(77, 'NeonClick', 'Zaporizhzhia, Glow St, 7', '+380631234577', 'neonclick_77@example.com'),
(78, 'UltraSpeed', 'Vinnytsia, Race St, 10', '+380671234578', 'ultraspeed_78@example.com'),
(79, 'ZenMouse', 'Poltava, Calm St, 15', '+380501234579', 'zenmouse_79@example.com'),
(80, 'OptimaClick', 'Chernihiv, Smart St, 11', '+380631234580', 'optimaclick_80@example.com'),
(81, 'HyperTech', 'Sumy, Energy St, 5', '+380671234581', 'hypertech_81@example.com'),
(82, 'NextGenClick', 'Ternopil, Future St, 9', '+380501234582', 'nextgenclick_82@example.com'),
(83, 'SwiftGear', 'Ivano-Frankivsk, Windy St, 18', '+380631234583', 'swiftgear_83@example.com'),
(84, 'StormMouse', 'Cherkasy, Rain St, 6', '+380671234584', 'stormmouse_84@example.com'),
(85, 'BlazeClick', 'Zhytomyr, Fire St, 13', '+380501234585', 'blazeclick_85@example.com'),
(86, 'EclipseTech', 'Kherson, Shadow St, 20', '+380631234586', 'eclipsetech_86@example.com'),
(87, 'TitanClick', 'Chernivtsi, Strong St, 14', '+380671234587', 'titanclick_87@example.com'),
(88, 'SonicMouse', 'Rivne, Sonic St, 4', '+380501234588', 'sonicmouse_88@example.com'),
(89, 'NovaClick', 'Kropyvnytskyi, Star St, 17', '+380631234589', 'novaclick_89@example.com'),
(90, 'QuantumGear', 'Uzhhorod, Science St, 2', '+380671234590', 'quantumgear_90@example.com'),
(91, 'InfinityMouse', 'Lutsk, Endless St, 15', '+380501234591', 'infinitymouse_91@example.com'),
(92, 'CyberClick', 'Kyiv, Digital St, 8', '+380631234592', 'cyberclick_92@example.com'),
(93, 'AeroTech', 'Lviv, Air St, 21', '+380671234593', 'aerotech_93@example.com'),
(94, 'MegaClick', 'Odesa, Giant St, 3', '+380501234594', 'megaclick_94@example.com'),
(95, 'SolarClick', 'Kharkiv, Sun St, 12', '+380631234595', 'solarclick_95@example.com'),
(96, 'StormGear', 'Dnipro, Thunder St, 14', '+380671234596', 'stormgear_96@example.com'),
(97, 'VortexClick', 'Zaporizhzhia, Swirl St, 11', '+380501234597', 'vortexclick_97@example.com'),
(98, 'NeptuneClick', 'Vinnytsia, Ocean St, 18', '+380631234598', 'neptuneclick_98@example.com'),
(99, 'OptiClick', 'Kyiv, Prospect St, 45', '+380671234599', 'opticlick_99@example.com'),
(100, 'FinalMouse', 'Lutsk, Market St, 21', '+380671234600', 'finalmouse_100@example.com'),
(101, 'CompEquip', 'Odessa, Pushkina St, 15', '+380441234567', 'compequip_3@example.com'),
(102, 'GadgetStore', 'Kharkiv, Pushkinska St, 5', '+380681234567', 'gadgetstore_4@example.com'),
(103, 'DeviceWorld', 'Dnipro, Shevchenko St, 30', '+380951234567', 'deviceworld_5@example.com'),
(104, 'LaptopMaster', 'Kyiv, Khreshchatyk St, 12', '+380661234567', 'laptopmaster_6@example.com'),
(105, 'PCExperts', 'Lviv, Franka St, 8', '+380501234567', 'pcexperts_7@example.com');

INSERT INTO ComputerMouse (ProductId, ModelName, Brand, Type, ButtonCount, Size, Price, StockQuantity, Color, SupplierId)
VALUES 
(1, 'MX Master 3', 'Logitech', 'Wireless', 7, 'Medium', 2500, 50, 'Black', 1),
(2, 'Razer DeathAdder V2', 'Razer', 'Wired', 6, 'Large', 2000, 30, 'White', 2),
(3, 'SteelSeries Rival 3', 'SteelSeries', 'Wired', 6, 'Small', 1500, 40, 'Gray', 3),
(4, 'Logitech G Pro', 'Logitech', 'Wireless', 6, 'Medium', 2800, 50, 'Black', 4),
(5, 'Razer Naga X', 'Razer', 'Wired', 12, 'Large', 3000, 20, 'Black', 5),
(6, 'Model D', 'Glorious', 'Wired', 6, 'Medium', 1800, 30, 'White', 6),
(7, 'G502 Hero', 'Logitech', 'Wired', 11, 'Large', 2200, 25, 'Black', 7),
(8, 'Viper Mini', 'Razer', 'Wired', 6, 'Small', 1300, 40, 'Black', 8),
(9, 'Rival 600', 'SteelSeries', 'Wired', 7, 'Large', 2400, 20, 'Gray', 9),
(10, 'G305 Lightspeed', 'Logitech', 'Wireless', 6, 'Medium', 1700, 35, 'Black', 10),
(11, 'Basilisk V2', 'Razer', 'Wired', 11, 'Large', 2000, 30, 'Green', 11),
(12, 'Aerox 3', 'SteelSeries', 'Wireless', 6, 'Small', 1900, 25, 'Black', 12),
(13, 'M720 Triathlon', 'Logitech', 'Wireless', 8, 'Medium', 1600, 40, 'Blue', 13),
(14, 'Naga Trinity', 'Razer', 'Wired', 12, 'Large', 2500, 15, 'Black', 14),
(15, 'Sensei Ten', 'SteelSeries', 'Wired', 8, 'Medium', 2100, 30, 'White', 15),
(16, 'G903 Lightspeed', 'Logitech', 'Wireless', 11, 'Large', 3000, 20, 'Black', 16),
(17, 'DeathAdder Elite', 'Razer', 'Wired', 7, 'Medium', 1800, 35, 'Black', 17),
(18, 'Rival 310', 'SteelSeries', 'Wired', 6, 'Large', 1700, 40, 'Gray', 18),
(19, 'G Pro X Superlight', 'Logitech', 'Wireless', 5, 'Medium', 3500, 10, 'White', 19),
(20, 'Viper Ultimate', 'Razer', 'Wireless', 8, 'Large', 2800, 15, 'Black', 20),
(21, 'G502 Lightspeed', 'Logitech', 'Wireless', 11, 'Large', 3200, 20, 'Black', 21),
(22, 'Rival 650', 'SteelSeries', 'Wireless', 7, 'Medium', 2700, 25, 'Gray', 22),
(23, 'Basilisk X Hyperspeed', 'Razer', 'Wireless', 6, 'Large', 1900, 30, 'Green', 23),
(24, 'G703 Lightspeed', 'Logitech', 'Wireless', 6, 'Medium', 2500, 35, 'Black', 24),
(25, 'Aerox 9', 'SteelSeries', 'Wireless', 12, 'Large', 2900, 15, 'White', 25),
(26, 'DeathAdder V2 Pro', 'Razer', 'Wireless', 8, 'Large', 2600, 20, 'Black', 26),
(27, 'G604 Lightspeed', 'Logitech', 'Wireless', 15, 'Large', 3000, 10, 'Black', 27),
(28, 'Rival 700', 'SteelSeries', 'Wired', 7, 'Large', 2300, 25, 'Black', 28),
(29, 'Naga Pro', 'Razer', 'Wireless', 10, 'Large', 3400, 15, 'Black', 29),
(30, 'G903 Hero', 'Logitech', 'Wireless', 11, 'Large', 3100, 20, 'Black', 30),
(31, 'Sensei Ten', 'SteelSeries', 'Wired', 8, 'Medium', 2100, 30, 'White', 31),
(32, 'Viper Mini Signature', 'Razer', 'Wireless', 6, 'Small', 3500, 10, 'Black', 32),
(33, 'G Pro Wireless', 'Logitech', 'Wireless', 8, 'Medium', 2800, 25, 'Black', 33),
(34, 'Rival 5', 'SteelSeries', 'Wired', 9, 'Medium', 2000, 35, 'Gray', 34),
(35, 'Basilisk V3', 'Razer', 'Wired', 11, 'Large', 2200, 30, 'Black', 35),
(36, 'MX Anywhere 3', 'Logitech', 'Wireless', 6, 'Small', 2400, 40, 'Blue', 36),
(37, 'Aerox 5', 'SteelSeries', 'Wireless', 9, 'Medium', 2600, 20, 'Black', 37),
(38, 'DeathAdder Essential', 'Razer', 'Wired', 5, 'Medium', 1500, 50, 'White', 38),
(39, 'G502 X Plus', 'Logitech', 'Wireless', 11, 'Large', 3300, 15, 'Black', 39),
(40, 'Rival 3 Wireless', 'SteelSeries', 'Wireless', 6, 'Small', 1800, 30, 'Black', 40),
(41, 'Naga Trinity Pro', 'Razer', 'Wireless', 12, 'Large', 3600, 10, 'Black', 41),
(42, 'G305 Hero', 'Logitech', 'Wireless', 6, 'Medium', 1700, 35, 'White', 42),
(43, 'Prime Wireless', 'SteelSeries', 'Wireless', 6, 'Medium', 2500, 25, 'Black', 43),
(44, 'Viper 8KHz', 'Razer', 'Wired', 8, 'Large', 2700, 20, 'Black', 44),
(45, 'MX Vertical', 'Logitech', 'Wireless', 4, 'Medium', 2900, 15, 'Gray', 45),
(46, 'Rival 310', 'SteelSeries', 'Wired', 6, 'Large', 1700, 40, 'Black', 46),
(47, 'Basilisk Ultimate', 'Razer', 'Wireless', 11, 'Large', 3000, 15, 'Black', 47),
(48, 'G703 Hero', 'Logitech', 'Wireless', 6, 'Medium', 2600, 25, 'Black', 48),
(49, 'Aerox 3 Wireless', 'SteelSeries', 'Wireless', 6, 'Small', 2200, 30, 'White', 49),
(50, 'DeathAdder V2 Mini', 'Razer', 'Wired', 6, 'Small', 1600, 35, 'Black', 50),
(51, 'G502 X', 'Logitech', 'Wired', 11, 'Large', 2400, 20, 'Black', 51),
(52, 'Rival 600', 'SteelSeries', 'Wired', 7, 'Large', 2300, 25, 'Gray', 52),
(53, 'Naga X', 'Razer', 'Wired', 12, 'Large', 2000, 30, 'Black', 53),
(54, 'G Pro X Superlight', 'Logitech', 'Wireless', 5, 'Medium', 3500, 10, 'White', 54),
(55, 'Prime Mini', 'SteelSeries', 'Wired', 6, 'Small', 1900, 35, 'Black', 55),
(56, 'Viper Mini', 'Razer', 'Wired', 6, 'Small', 1300, 40, 'Black', 56),
(57, 'MX Master 3S', 'Logitech', 'Wireless', 7, 'Medium', 2700, 20, 'Black', 57),
(58, 'Rival 650 Wireless', 'SteelSeries', 'Wireless', 7, 'Medium', 2800, 15, 'Gray', 58),
(59, 'Basilisk V3 Pro', 'Razer', 'Wireless', 11, 'Large', 3200, 10, 'Black', 59),
(60, 'G604 Lightspeed', 'Logitech', 'Wireless', 15, 'Large', 3000, 10, 'Black', 60),
(61, 'Aerox 9 Wireless', 'SteelSeries', 'Wireless', 12, 'Large', 2900, 15, 'White', 61),
(62, 'DeathAdder V2 X', 'Razer', 'Wired', 6, 'Medium', 1800, 30, 'Black', 62),
(63, 'G502 Hero', 'Logitech', 'Wired', 11, 'Large', 2200, 25, 'Black', 63),
(64, 'Rival 700', 'SteelSeries', 'Wired', 7, 'Large', 2300, 25, 'Black', 64),
(65, 'Naga Pro Wireless', 'Razer', 'Wireless', 10, 'Large', 3400, 15, 'Black', 65),
(66, 'G903 Lightspeed', 'Logitech', 'Wireless', 11, 'Large', 3000, 20, 'Black', 66),
(67, 'Sensei Ten', 'SteelSeries', 'Wired', 8, 'Medium', 2100, 30, 'White', 67),
(68, 'Viper Mini Signature', 'Razer', 'Wireless', 6, 'Small', 3500, 10, 'Black', 68),
(69, 'G Pro Wireless', 'Logitech', 'Wireless', 8, 'Medium', 2800, 25, 'Black', 69),
(70, 'Rival 5', 'SteelSeries', 'Wired', 9, 'Medium', 2000, 35, 'Gray', 70),
(71, 'Basilisk V3', 'Razer', 'Wired', 11, 'Large', 2200, 30, 'Black', 71),
(72, 'MX Anywhere 3', 'Logitech', 'Wireless', 6, 'Small', 2400, 40, 'Blue', 72),
(73, 'Aerox 5', 'SteelSeries', 'Wireless', 9, 'Medium', 2600, 20, 'Black', 73),
(74, 'DeathAdder Essential', 'Razer', 'Wired', 5, 'Medium', 1500, 50, 'White', 74),
(75, 'G502 X Plus', 'Logitech', 'Wireless', 11, 'Large', 3300, 15, 'Black', 75),
(76, 'Rival 3 Wireless', 'SteelSeries', 'Wireless', 6, 'Small', 1800, 30, 'Black', 76),
(77, 'Naga Trinity Pro', 'Razer', 'Wireless', 12, 'Large', 3600, 10, 'Black', 77),
(78, 'G305 Hero', 'Logitech', 'Wireless', 6, 'Medium', 1700, 35, 'White', 78),
(79, 'Prime Wireless', 'SteelSeries', 'Wireless', 6, 'Medium', 2500, 25, 'Black', 79),
(80, 'Viper 8KHz', 'Razer', 'Wired', 8, 'Large', 2700, 20, 'Black', 80),
(81, 'MX Vertical', 'Logitech', 'Wireless', 4, 'Medium', 2900, 15, 'Gray', 81),
(82, 'Rival 310', 'SteelSeries', 'Wired', 6, 'Large', 1700, 40, 'Black', 82),
(83, 'Basilisk Ultimate', 'Razer', 'Wireless', 11, 'Large', 3000, 15, 'Black', 83),
(84, 'G703 Hero', 'Logitech', 'Wireless', 6, 'Medium', 2600, 25, 'Black', 84),
(85, 'Aerox 3 Wireless', 'SteelSeries', 'Wireless', 6, 'Small', 2200, 30, 'White', 85),
(86, 'DeathAdder V2 Mini', 'Razer', 'Wired', 6, 'Small', 1600, 35, 'Black', 86),
(87, 'G502 X', 'Logitech', 'Wired', 11, 'Large', 2400, 20, 'Black', 87),
(88, 'Rival 600', 'SteelSeries', 'Wired', 7, 'Large', 2300, 25, 'Gray', 88),
(89, 'Naga X', 'Razer', 'Wired', 12, 'Large', 2000, 30, 'Black', 89),
(90, 'Glorious Model O', 'Glorious', 'Wireless', 6, 'Medium', 2100, 25, 'Black', 90),
(91, 'Corsair Harpoon RGB', 'Corsair', 'Wired', 6, 'Small', 1600, 35, 'Blue', 91),
(92, 'Asus ROG Gladius II', 'Asus', 'Wireless', 7, 'Large', 2300, 20, 'Black', 92),
(93, 'Dell Alienware AW610M', 'Dell', 'Wireless', 8, 'Medium', 2700, 15, 'Gray', 93),
(94, 'Acer Predator Cestus 330', 'Acer', 'Wired', 7, 'Large', 2000, 30, 'White', 94),
(95, 'MSI Clutch GM41', 'MSI', 'Wireless', 6, 'Medium', 1900, 40, 'Black', 95),
(96, 'HP Omen Reactor', 'HP', 'Wired', 6, 'Small', 1500, 50, 'Red', 96),
(97, 'Trust GXT 900 Qudos', 'Trust', 'Wired', 7, 'Large', 1200, 45, 'Black', 97),
(98, 'Gigabyte Aorus M5', 'Gigabyte', 'Wireless', 6, 'Medium', 1700, 35, 'White', 98),
(99, 'BenQ Zowie EC2', 'BenQ', 'Wired', 6, 'Small', 1400, 60, 'Gray', 99),
(100, 'FinalMouse Ultralight 2', 'FinalMouse', 'Wireless', 5, 'Small', 3200, 10, 'Black', 100),
(101, 'Gigabyte Aorus 4G', 'Gigabyte', 'Wireless', 4, 'Medium', 1900, 35, 'White', 101),
(102, 'BenQ Zowie W3', 'BenQ', 'Wired', 6, 'Small', 1400, 60, 'Gray', 102),
(103, 'FinalMouse Ultralight Q2', 'FinalMouse', 'Wireless', 5, 'Small', 3200, 10, 'Black', 103);

INSERT INTO Customer (FirstName, LastName, Email, PhoneNumber, ShippingAddress, BonusAccountNumber)
VALUES 
(1, 'Oleg', 'Ivanenko', 'oleg.ivanenko@example.com', '+380501112233', 'Kyiv, Polyarna St, 8', '12345'),
(2, 'Maria', 'Koval', 'maria.koval@example.com', '+380631112233', 'Lviv, Zelena St, 4', '12346'),
(3, 'Dmytro', 'Shevchenko', 'dmytro.shevchenko@example.com', '+380671112233', 'Odesa, Prymorska St, 14', '12347'),
(4, 'Anna', 'Petrenko', 'anna.petrenko@example.com', '+380991112233', 'Kharkiv, Shevchenka St, 12', '12348'),
(5, 'Iryna', 'Bondarenko', 'iryna.bondarenko@example.com', '+380501223344', 'Dnipro, Yavornytskoho St, 56', '12349'),
(6, 'Oleksandr', 'Taran', 'oleksandr.taran@example.com', '+380502334455', 'Zaporizhzhia, Sobornyi Ave, 23', '12350'),
(7, 'Tetiana', 'Hrytsenko', 'tetiana.hrytsenko@example.com', '+380631234567', 'Cherkasy, Sumgaita St, 4', '12351'),
(8, 'Andriy', 'Kozak', 'andriy.kozak@example.com', '+380501345678', 'Vinnytsia, Khmelnytske Hwy, 45', '12352'),
(9, 'Oksana', 'Melnyk', 'oksana.melnyk@example.com', '+380671234567', 'Zhytomyr, Velyka Berdychivska St, 9', '12353'),
(10, 'Yaroslav', 'Vorobiov', 'yaroslav.vorobiov@example.com', '+380631456789', 'Mykolaiv, Pushkinska St, 18', '12354'),
(11, 'Kateryna', 'Lytvyn', 'kateryna.lytvyn@example.com', '+380661234567', 'Kherson, Ushakova Ave, 21', '12355'),
(12, 'Volodymyr', 'Marchenko', 'volodymyr.marchenko@example.com', '+380501567890', 'Poltava, Chervona St, 7', '12356'),
(13, 'Olena', 'Rudenko', 'olena.rudenko@example.com', '+380931234567', 'Chernihiv, Shchorsa St, 32', '12357'),
(14, 'Ivan', 'Boyko', 'ivan.boyko@example.com', '+380951234567', 'Sumy, Nezalezhnosti St, 10', '12358'),
(15, 'Natalia', 'Symonenko', 'natalia.symonenko@example.com', '+380961234567', 'Ivano-Frankivsk, Sichovykh Striltsiv St, 6', '12359'),
(16, 'Daryna', 'Klymenko', 'daryna.klymenko@example.com', '+380971234567', 'Lutsk, Voli Ave, 19', '12360'),
(17, 'Sergiy', 'Krutov', 'sergiy.krutov@example.com', '+380981234567', 'Rivne, Soborna St, 14', '12361'),
(18, 'Inna', 'Nazarenko', 'inna.nazarenko@example.com', '+380991234567', 'Ternopil, Ruska St, 8', '12362'),
(19, 'Mykhailo', 'Tkachenko', 'mykhailo.tkachenko@example.com', '+380671234568', 'Uzhhorod, Shvabska St, 15', '12363'),
(20, 'Viktor', 'Kovalchuk', 'viktor.kovalchuk@example.com', '+380681234567', 'Kamianets-Podilskyi, Soborna St, 3', '12364'),
(21, 'Marta', 'Lukyanenko', 'marta.lukyanenko@example.com', '+380691234567', 'Bila Tserkva, Yaroslaviv Val St, 11', '12365'),
(22, 'Rostyslav', 'Andriyenko', 'rostyslav.andriyenko@example.com', '+380701234567', 'Mukachevo, Teatralna St, 7', '12366'),
(23, 'Lyudmyla', 'Zhuk', 'lyudmyla.zhuk@example.com', '+380711234567', 'Kalush, Franka St, 5', '12367'),
(24, 'Hanna', 'Kot', 'hanna.kot@example.com', '+380721234567', 'Chornomorsk, Datscha St, 13', '12368'),
(25, 'Denys', 'Bilyk', 'denys.bilyk@example.com', '+380731234567', 'Pavlohrad, Soborna St, 1', '12369'),
(26, 'Yuliia', 'Havrylenko', 'yuliia.havrylenko@example.com', '+380741234567', 'Brovary, Independence Blvd, 26', '12370'),
(27, 'Petro', 'Zakharov', 'petro.zakharov@example.com', '+380751234567', 'Bucha, Kyivska St, 14', '12371'),
(28, 'Nadiia', 'Smirnova', 'nadiia.smirnova@example.com', '+380761234567', 'Kremenchuk, Soborna St, 29', '12372'),
(29, 'Yehor', 'Nikolenko', 'yehor.nikolenko@example.com', '+380771234567', 'Sloviansk, Centralna St, 16', '12373'),
(30, 'Oleh', 'Lysenko', 'oleh.lysenko@example.com', '+380781234567', 'Melitopol, Heroes of Ukraine St, 27', '12374'),
(31, 'Lesya', 'Chorna', 'lesya.chorna@example.com', '+380791234567', 'Berehove, Berehova St, 3', '12375'),
(32, 'Pavlo', 'Tsymbalyuk', 'pavlo.tsymbalyuk@example.com', '+380801234567', 'Nizhyn, Moskovska St, 9', '12376'),
(33, 'Svitlana', 'Hryhorenko', 'svitlana.hryhorenko@example.com', '+380811234567', 'Chervonohrad, Shkilna St, 25', '12377'),
(34, 'Roman', 'Shapovalov', 'roman.shapovalov@example.com', '+380821234567', 'Obukhiv, Dniprovsky Ave, 12', '12378'),
(35, 'Maryna', 'Vlasenko', 'maryna.vlasenko@example.com', '+380831234567', 'Irpin, Novo-Obukhivska St, 8', '12379'),
(36, 'Artem', 'Cherevatenko', 'artem.cherevatenko@example.com', '+380841234567', 'Fastiv, Dniprovska St, 15', '12380'),
(37, 'Oleksii', 'Serdyuk', 'oleksii.serdyuk@example.com', '+380851234567', 'Vyshneve, Soborna St, 20', '12381'),
(38, 'Vladyslav', 'Yurkovskyi', 'vladyslav.yurkovskyi@example.com', '+380861234567', 'Boyarka, Kyivska St, 22', '12382'),
(39, 'Larysa', 'Kovalchuk', 'larysa.kovalchuk@example.com', '+380861234568', 'Drohobych, Hrushevskoho St, 3', '12383'),
(40, 'Ruslan', 'Yaremchuk', 'ruslan.yaremchuk@example.com', '+380871234567', 'Kolomyia, Kobrynskogo St, 14', '12384'),
(41, 'Kateryna', 'Oliinyk', 'kateryna.oliinyk@example.com', '+380881234567', 'Boryspil, Kyivska St, 9', '12385'),
(42, 'Serhiy', 'Levchenko', 'serhiy.levchenko@example.com', '+380891234567', 'Kalynivka, Independence Blvd, 4', '12386'),
(43, 'Olha', 'Rybak', 'olha.rybak@example.com', '+380901234567', 'Kovel, Volodymyrska St, 11', '12387'),
(44, 'Yuliia', 'Zaytseva', 'yuliia.zaytseva@example.com', '+380911234567', 'Nova Kakhovka, Dniprovska St, 16', '12388'),
(45, 'Bohdan', 'Martyniuk', 'bohdan.martyniuk@example.com', '+380921234567', 'Horlivka, Lenina St, 7', '12389'),
(46, 'Nazar', 'Lukash', 'nazar.lukash@example.com', '+380931234568', 'Yuzhnoukrainsk, Vesniana St, 12', '12390'),
(47, 'Sofiia', 'Kuzmenko', 'sofiia.kuzmenko@example.com', '+380941234567', 'Lozova, 8-ho Bereznia St, 20', '12391'),
(48, 'Myroslava', 'Petrenko', 'myroslava.petrenko@example.com', '+380951234568', 'Netishyn, Independence Blvd, 18', '12392'),
(49, 'Kyrylo', 'Zalizko', 'kyrylo.zalizko@example.com', '+380961234568', 'Enerhodar, Kurortna St, 30', '12393'),
(50, 'Yevhen', 'Tkachenko', 'yevhen.tkachenko@example.com', '+380971234568', 'Myrhorod, Resortna St, 22', '12394'),
(51, 'Vira', 'Vovk', 'vira.vovk@example.com', '+380981234568', 'Nova Odesa, Soborna St, 28', '12395'),
(52, 'Taras', 'Voronov', 'taras.voronov@example.com', '+380991234568', 'Pereiaslav, Hrushevskoho St, 14', '12396'),
(53, 'Halyna', 'Dudka', 'halyna.dudka@example.com', '+380951234569', 'Bakhmut, Yuvileina St, 17', '12397'),
(54, 'Roman', 'Danylenko', 'roman.danylenko@example.com', '+380951234570', 'Vyshhorod, Enerhetykiv Blvd, 5', '12398'),
(55, 'Olena', 'Tsyb', 'olena.tsyb@example.com', '+380951234571', 'Trostianets, Soborna St, 9', '12399'),
(56, 'Ihor', 'Makarenko', 'ihor.makarenko@example.com', '+380951234572', 'Pervomaisk, Bohdana Khmelnytskoho St, 19', '12400'),
(57, 'Svitlana', 'Stetsenko', 'svitlana.stetsenko@example.com', '+380951234573', 'Vovchansk, Lenina St, 21', '12401'),
(58, 'Volodymyr', 'Lysenko', 'volodymyr.lysenko@example.com', '+380951234574', 'Lyman, Nova St, 6', '12402'),
(59, 'Alla', 'Shynkarenko', 'alla.shynkarenko@example.com', '+380951234575', 'Pokrovsk, Shyroka St, 8', '12403'),
(60, 'Vasyl', 'Sokolenko', 'vasyl.sokolenko@example.com', '+380951234576', 'Rubizhne, Zavodska St, 3', '12404'),
(61, 'Nadiia', 'Humenyuk', 'nadiia.humenyuk@example.com', '+380951234577', 'Starobilsk, Lesi Ukrainky St, 11', '12405'),
(62, 'Petro', 'Vovchenko', 'petro.vovchenko@example.com', '+380951234578', 'Svatove, Tsentralna St, 22', '12406'),
(63, 'Olha', 'Samoylenko', 'olha.samoylenko@example.com', '+380951234579', 'Krasnohorivka, Kyivska St, 17', '12407'),
(64, 'Andriy', 'Prykhodko', 'andriy.prykhodko@example.com', '+380951234580', 'Popasna, Shkilna St, 1', '12408'),
(65, 'Kateryna', 'Prysiazhna', 'kateryna.prysiazhna@example.com', '+380951234581', 'Lysychansk, Lenina St, 29', '12409'),
(66, 'Ivan', 'Protsenko', 'ivan.protsenko@example.com', '+380951234582', 'Novyi Buh, Soborna St, 13', '12410'),
(67, 'Mykhailo', 'Lukianov', 'mykhailo.lukianov@example.com', '+380951234583', 'Shostka, Dovzhenka St, 23', '12411'),
(68, 'Lesya', 'Skorokhod', 'lesya.skorokhod@example.com', '+380951234584', 'Vilnohirsk, Soborna St, 7', '12412'),
(69, 'Pavlo', 'Kravchuk', 'pavlo.kravchuk@example.com', '+380951234585', 'Zhytomyr, Velyka Berdychivska St, 15', '12413'),
(70, 'Alina', 'Hromova', 'alina.hromova@example.com', '+380951234586', 'Kropyvnytskyi, Velyka Perspectyvna St, 20', '12414'),
(71, 'Dmytro', 'Kravtsov', 'dmytro.kravtsov@example.com', '+380951234587', 'Ternopil, Ruska St, 18', '12415'),
(72, 'Sofiia', 'Yevtushenko', 'sofiia.yevtushenko@example.com', '+380951234588', 'Voznesensk, Kyivska St, 14', '12416'),
(73, 'Anton', 'Horbachev', 'anton.horbachev@example.com', '+380951234589', 'Bila Tserkva, Levanevskoho St, 26', '12417'),
(74, 'Oksana', 'Tymoshenko', 'oksana.tymoshenko@example.com', '+380951234590', 'Lubny, Tsentralna St, 4', '12418'),
(75, 'Vladyslav', 'Kazakov', 'vladyslav.kazakov@example.com', '+380951234591', 'Skvyra, Lenina St, 28', '12419'),
(76, 'Inna', 'Boiarko', 'inna.boiarko@example.com', '+380951234592', 'Chuhuiv, Mazepy St, 19', '12420'),
(77, 'Taras', 'Shvets', 'taras.shvets@example.com', '+380951234593', 'Kaniv, Shevchenka St, 5', '12421'),
(78, 'Valentyn', 'Kotvitskyi', 'valentyn.kotvitskyi@example.com', '+380951234594', 'Boryspil, Kyivska St, 12', '12422'),
(79, 'Nadiia', 'Rudenko', 'nadiia.rudenko@example.com', '+380951234595', 'Kovel, Volodymyrska St, 2', '12423'),
(80, 'Maksym', 'Krutov', 'maksym.krutov@example.com', '+380951234596', 'Drohobych, Shevchenka St, 8', '12424'),
(81, 'Yana', 'Melnychuk', 'yana.melnychuk@example.com', '+380951234597', 'Chop, Lenina St, 12', '12425'),
(82, 'Oleh', 'Havrylenko', 'oleh.havrylenko@example.com', '+380951234598', 'Chervonohrad, Shkilna St, 14', '12426'),
(83, 'Vira', 'Kozlovska', 'vira.kozlovska@example.com', '+380951234599', 'Rivne, Soborna St, 20', '12427'),
(84, 'Oleksii', 'Shcherbak', 'oleksii.shcherbak@example.com', '+380951234600', 'Lysychansk, Lenina St, 24', '12428'),
(85, 'Hanna', 'Soroka', 'hanna.soroka@example.com', '+380951234601', 'Kalush, Dovzhenka St, 6', '12429'),
(86, 'Artem', 'Yakovenko', 'artem.yakovenko@example.com', '+380951234602', 'Nizhyn, Moskovska St, 11', '12430'),
(87, 'Lyudmyla', 'Soloviova', 'lyudmyla.soloviova@example.com', '+380951234603', 'Pokrovsk, Shevchenka St, 17', '12431'),
(88, 'Andriy', 'Shulha', 'andriy.shulha@example.com', '+380951234604', 'Lubny, Tsentralna St, 8', '12432'),
(89, 'Oksana', 'Tymchuk', 'oksana.tymchuk@example.com', '+380951234605', 'Chortkiv, Lenina St, 10', '12433'),
(90, 'Dmytro', 'Kot', 'dmytro.kot@example.com', '+380951234606', 'Fastiv, Shevchenka St, 13', '12434'),
(91, 'Ivanna', 'Vasylenko', 'ivanna.vasylenko@example.com', '+380951234607', 'Brovary, Kyivska St, 3', '12435'),
(92, 'Oleksandr', 'Vovchyk', 'oleksandr.vovchyk@example.com', '+380951234608', 'Shostka, Lenina St, 21', '12436'),
(93, 'Anna', 'Shevchuk', 'anna.shevchuk@example.com', '+380951234609', 'Chervonohrad, Shkilna St, 5', '12437'),
(94, 'Petro', 'Taranenko', 'petro.taranenko@example.com', '+380951234610', 'Sloviansk, Centralna St, 7', '12438'),
(95, 'Svitlana', 'Horova', 'svitlana.horova@example.com', '+380951234611', 'Uzhhorod, Shvabska St, 13', '12439'),
(96, 'Denys', 'Cherniak', 'denys.cherniak@example.com', '+380951234612', 'Pereiaslav, Lenina St, 2', '12440'),
(97, 'Sergiy', 'Symonenko', 'sergiy.symonenko@example.com', '+380951234613', 'Poltava, Nezalezhnosti St, 4', '12441'),
(98, 'Oksana', 'Kushnir', 'oksana.kushnir@example.com', '+380951234614', 'Sumy, Velyka Berdychivska St, 6', '12442'),
(99, 'Yuliia', 'Hryhorenko', 'yuliia.hryhorenko@example.com', '+380951234615', 'Kharkiv, Lenina St, 8', '12443'),
(100, 'Olha', 'Volynets', 'olha.volynets@example.com', '+380951234616', 'Kyiv, Khreshchatyk St, 22', '12444'),
(101, 'Hanna', 'Yakovenko', 'hanna.yakovenko@example.com', '+380951234630', 'Izym, Kharkivska St, 7', '12445'),
(102, 'Artem', 'Soroka', 'artem.soroka@example.com', '+380951234634', 'Nizhyn, Lvivska St, 107', '12446');

INSERT INTO OrderTable (OrderId, CustomerId, OrderDate, TotalAmount)
VALUES 
(1, 21, '2025-01-23', 5000),
(2, 72, '2024-11-22', 3000),
(3, 93, '2025-02-21', 1500),
(4, 45, '2025-02-10', 7200),
(5, 82, '2025-01-15', 2500),
(6, 34, '2025-03-05', 4100),
(7, 67, '2024-12-12', 3300),
(8, 98, '2024-11-28', 2800),
(9, 15, '2025-02-01', 5000),
(10, 50, '2025-03-01', 6800),
(11, 83, '2024-12-20', 2900),
(12, 19, '2025-01-29', 4300),
(13, 46, '2025-02-03', 6200),
(14, 95, '2024-12-11', 4500),
(15, 11, '2025-02-08', 3200),
(16, 70, '2025-03-02', 7100),
(17, 28, '2024-11-25', 3600),
(18, 90, '2025-02-15', 5200),
(19, 39, '2025-01-10', 4700),
(20, 53, '2024-12-18', 2800),
(21, 17, '2025-02-11', 4000),
(22, 92, '2024-11-26', 3500),
(23, 40, '2025-01-14', 4900),
(24, 68, '2024-12-22', 2700),
(25, 31, '2025-02-16', 5300),
(26, 85, '2024-12-09', 6100),
(27, 25, '2025-01-28', 3400),
(28, 76, '2025-02-07', 4200),
(29, 97, '2024-11-30', 4600),
(30, 18, '2025-03-03', 3800),
(31, 54, '2025-02-05', 5400),
(32, 42, '2024-12-14', 3700),
(33, 73, '2025-01-20', 4800),
(34, 94, '2025-02-12', 6200),
(35, 36, '2025-01-08', 3300),
(36, 88, '2024-11-24', 5200),
(37, 29, '2025-02-18', 4500),
(38, 62, '2025-03-04', 3900),
(39, 13, '2025-01-17', 5600),
(40, 48, '2024-12-19', 4900),
(41, 33, '2025-02-09', 4100),
(42, 96, '2025-01-13', 4700),
(43, 74, '2024-11-21', 3200),
(44, 24, '2025-03-06', 3600),
(45, 81, '2024-12-17', 4500),
(46, 41, '2025-02-04', 5200),
(47, 52, '2024-11-27', 6100),
(48, 16, '2025-01-26', 3900),
(49, 79, '2025-02-20', 4700),
(50, 99, '2025-03-01', 5700),
(51, 12, '2024-12-21', 4900),
(52, 66, '2025-01-15', 4200),
(53, 37, '2024-11-29', 5300),
(54, 87, '2025-02-14', 3100),
(55, 44, '2025-01-12', 3700),
(56, 91, '2025-02-02', 5800),
(57, 23, '2024-12-15', 4500),
(58, 59, '2025-03-07', 4700),
(59, 60, '2024-11-23', 5000),
(60, 14, '2025-01-18', 4800),
(61, 49, '2025-02-19', 5400),
(62, 38, '2024-12-10', 3400),
(63, 80, '2025-03-08', 4200),
(64, 27, '2025-01-22', 5300),
(65, 71, '2025-02-06', 3200),
(66, 90, '2025-02-13', 4700),
(67, 30, '2024-11-20', 6200),
(68, 89, '2025-01-27', 4300),
(69, 55, '2025-03-02', 5600),
(70, 19, '2024-12-13', 3900),
(71, 64, '2025-02-08', 4500),
(72, 43, '2025-02-01', 4700),
(73, 98, '2024-11-25', 3400),
(74, 35, '2025-01-11', 5700),
(75, 86, '2025-03-05', 6200),
(76, 20, '2024-12-11', 3100),
(77, 77, '2025-02-16', 4800),
(78, 56, '2025-02-22', 4100),
(79, 18, '2024-11-28', 5400),
(80, 95, '2025-01-09', 3900),
(81, 39, '2025-03-09', 5200),
(82, 82, '2024-12-16', 4700),
(83, 22, '2025-01-14', 4000),
(84, 69, '2025-02-17', 5300),
(85, 47, '2024-12-18', 6200),
(86, 93, '2024-11-22', 3500),
(87, 32, '2025-02-10', 2700),
(88, 84, '2025-01-16', 2900),
(89, 11, '2025-02-20', 4800),
(90, 78, '2024-11-21', 5600),
(91, 46, '2025-03-06', 3300),
(92, 92, '2025-01-19', 5100),
(93, 31, '2025-02-03', 3700),
(94, 85, '2024-12-09', 3900),
(95, 26, '2025-01-24', 6100),
(96, 63, '2025-03-01', 4500),
(97, 40, '2025-02-11', 4700),
(98, 97, '2024-11-29', 3400),
(99, 15, '2025-01-10', 5300),
(100, 1, '2025-03-18', 4000),
(101, 21, '2025-01-23', 5000),
(102, 72, '2024-09-22', 3000),
(103, 93, '2025-03-21', 1500),
(104, 45, '2025-02-10', 7200),
(105, 82, '2025-03-01', 2500),
(106, 34, '2025-03-09', 4100);

INSERT INTO OrderDetails (OrderDetailsId, ProductId, OrderId, ProductQuantity, ItemAmount)
VALUES 
(1, 1, 1, 2, 5000),
(2, 2, 2, 1, 2000),
(3, 3, 3, 1, 1500),
(4, 4, 4, 3, 7200),
(5, 5, 5, 2, 2500),
(6, 6, 6, 1, 4100),
(7, 7, 7, 4, 3300),
(8, 8, 8, 2, 2800),
(9, 9, 9, 3, 5000),
(10, 10, 10, 5, 6800),
(11, 11, 11, 3, 4500),
(12, 12, 12, 1, 2200),
(13, 13, 13, 2, 5100),
(14, 14, 14, 4, 3300),
(15, 15, 15, 2, 7000),
(16, 16, 16, 3, 4300),
(17, 17, 17, 1, 3600),
(18, 18, 18, 2, 5400),
(19, 19, 19, 4, 3100),
(20, 20, 20, 3, 2800),
(21, 21, 21, 2, 4900),
(22, 22, 22, 5, 6200),
(23, 23, 23, 1, 3700),
(24, 24, 24, 4, 6000),
(25, 25, 25, 3, 4500),
(26, 26, 26, 2, 3100),
(27, 27, 27, 4, 5000),
(28, 28, 28, 5, 5700),
(29, 29, 29, 1, 4300),
(30, 30, 30, 3, 6800),
(31, 31, 31, 2, 3600),
(32, 32, 32, 1, 2500),
(33, 33, 33, 4, 3100),
(34, 34, 34, 3, 4100),
(35, 35, 35, 2, 5200),
(36, 36, 36, 1, 6200),
(37, 37, 37, 2, 2800),
(38, 38, 38, 4, 7100),
(39, 39, 39, 3, 4300),
(40, 40, 40, 2, 3300),
(41, 41, 41, 5, 6400),
(42, 42, 42, 1, 5200),
(43, 43, 43, 4, 2700),
(44, 44, 44, 3, 5900),
(45, 45, 45, 2, 4100),
(46, 46, 46, 1, 4700),
(47, 47, 47, 5, 6800),
(48, 48, 48, 2, 4300),
(49, 49, 49, 4, 2500),
(50, 50, 50, 3, 3200),
(51, 51, 51, 2, 5400),
(52, 52, 52, 1, 3100),
(53, 53, 53, 3, 4800),
(54, 54, 54, 4, 5700),
(55, 55, 55, 1, 6200),
(56, 56, 56, 2, 4100),
(57, 57, 57, 3, 5300),
(58, 58, 58, 5, 2700),
(59, 59, 59, 1, 4900),
(60, 60, 60, 4, 2800),
(61, 61, 61, 2, 4500),
(62, 62, 62, 3, 5400),
(63, 63, 63, 5, 3300),
(64, 64, 64, 1, 6200),
(65, 65, 65, 2, 3600),
(66, 66, 66, 4, 4600),
(67, 67, 67, 3, 4300),
(68, 68, 68, 5, 6700),
(69, 69, 69, 1, 2700),
(70, 70, 70, 2, 4100),
(71, 71, 71, 4, 5200),
(72, 72, 72, 3, 3900),
(73, 73, 73, 5, 6800),
(74, 74, 74, 1, 4300),
(75, 75, 75, 2, 3300),
(76, 76, 76, 4, 2500),
(77, 77, 77, 3, 4800),
(78, 78, 78, 5, 3400),
(79, 79, 79, 1, 4500),
(80, 80, 80, 2, 5200),
(81, 81, 81, 4, 6000),
(82, 82, 82, 3, 3900),
(83, 83, 83, 5, 6200),
(84, 84, 84, 1, 4300),
(85, 85, 85, 2, 3200),
(86, 86, 86, 4, 4500),
(87, 87, 87, 3, 5100),
(88, 88, 88, 5, 3700),
(89, 89, 89, 1, 6400),
(90, 90, 90, 2, 4700),
(91, 91, 91, 4, 5200),
(92, 92, 92, 3, 3100),
(93, 93, 93, 5, 4100),
(94, 94, 94, 1, 6800),
(95, 95, 95, 2, 3400),
(96, 96, 96, 4, 5000),
(97, 97, 97, 3, 2700),
(98, 98, 98, 5, 4500),
(99, 99, 99, 1, 3300),
(100, 100, 100, 2, 4000),
(101, 99, 9, 3, 5000),
(102, 5, 10, 5, 6800),
(103, 9, 11, 3, 4500),
(104, 12, 12, 1, 2200);