use pcmouse;
INSERT INTO Supplier (SupplierId, Name, Address, ContactNumber, Email)
VALUES 
(1, 'TechSupply', 'Kyiv, Vishneva St, 10', '+380501234567', 'techsupply@example.com'),
(2, 'MousePro', 'Lviv, Sonyachna St, 22', '+380631234567', 'mousepro@example.com'),
(3, 'GadgetWorld', 'Odessa, Deribasivska St, 1', '+380671234567', 'gadgetworld@example.com'),
(4, 'UltraTech', 'Kharkiv, Shevchenka St, 5', '+380501234568', 'ultratech@example.com'),
(5, 'MegaMouse', 'Dnipro, Central St, 15', '+380631234568', 'megamouse@example.com'),
(6, 'ClickMaster', 'Zaporizhzhia, Victory St, 9', '+380671234568', 'clickmaster@example.com'),
(7, 'FastClick', 'Vinnytsia, Soborna St, 7', '+380501234569', 'fastclick@example.com'),
(8, 'SuperGears', 'Poltava, European St, 12', '+380631234569', 'supergears@example.com'),
(9, 'MouseKing', 'Chernihiv, Peace St, 3', '+380671234569', 'mouseking@example.com'),
(10, 'GigaSupply', 'Sumy, Freedom St, 18', '+380501234570', 'gigasupply@example.com'),
(11, 'ProClick', 'Ternopil, Main St, 4', '+380631234570', 'proclick@example.com'),
(12, 'TechMouse', 'Ivano-Frankivsk, Heroes St, 11', '+380671234570', 'techmouse@example.com'),
(13, 'SpeedyMouse', 'Cherkasy, Parkova St, 6', '+380501234571', 'speedymouse@example.com'),
(14, 'ClickGear', 'Zhytomyr, River St, 20', '+380631234571', 'clickgear@example.com'),
(15, 'MaxTech', 'Kherson, Beach St, 2', '+380671234571', 'maxtech@example.com'),
(16, 'EliteMouse', 'Chernivtsi, Castle St, 9', '+380501234572', 'elitemouse@example.com'),
(17, 'ClickWorks', 'Rivne, Liberty St, 14', '+380631234572', 'clickworks@example.com'),
(18, 'TopMouse', 'Kropyvnytskyi, Garden St, 7', '+380671234572', 'topmouse@example.com'),
(19, 'SwiftTech', 'Uzhhorod, Border St, 3', '+380501234573', 'swifttech@example.com'),
(20, 'PrecisionClick', 'Lutsk, Square St, 10', '+380631234573', 'precisionclick@example.com'),
(21, 'HyperMouse', 'Kyiv, Nova St, 25', '+380671234573', 'hypermouse@example.com'),
(22, 'RapidClick', 'Lviv, Old Town St, 8', '+380501234574', 'rapidclick@example.com'),
(23, 'FutureMouse', 'Odessa, Sea St, 17', '+380631234574', 'futuremouse@example.com'),
(24, 'NeonGear', 'Kharkiv, Techno St, 12', '+380671234574', 'neongear@example.com'),
(25, 'InfinityMouse', 'Dnipro, Riverbank St, 6', '+380501234575', 'infinitymouse@example.com'),
(26, 'QuantumClick', 'Zaporizhzhia, Bridge St, 15', '+380631234575', 'quantumclick@example.com'),
(27, 'UltimateMouse', 'Vinnytsia, Space St, 11', '+380671234575', 'ultimatemouse@example.com'),
(28, 'CyberMouse', 'Poltava, Digital St, 19', '+380501234576', 'cybermouse@example.com'),
(29, 'NanoTech', 'Chernihiv, Tech Park St, 22', '+380631234576', 'nanotech@example.com'),
(30, 'HorizonGear', 'Sumy, Future St, 30', '+380671234576', 'horizongear@example.com'),
(31, 'EvoMouse', 'Ternopil, Vision St, 13', '+380501234577', 'evomouse@example.com'),
(32, 'VortexClick', 'Ivano-Frankivsk, Wind St, 18', '+380631234577', 'vortexclick@example.com'),
(33, 'StormTech', 'Cherkasy, Thunder St, 21', '+380671234577', 'stormtech@example.com'),
(34, 'VelocityMouse', 'Zhytomyr, Motion St, 7', '+380501234578', 'velocitymouse@example.com'),
(35, 'TitanMouse', 'Kherson, Power St, 16', '+380631234578', 'titanmouse@example.com'),
(36, 'EagleClick', 'Chernivtsi, Sky St, 9', '+380671234578', 'eagleclick@example.com'),
(37, 'RapidTech', 'Kyiv, Green St, 27', '+380671234537', 'rapidtech@example.com'),
(38, 'ClickPoint', 'Lviv, Maple St, 14', '+380501234538', 'clickpoint@example.com'),
(39, 'HyperMouse', 'Odessa, Black Sea St, 8', '+380631234539', 'hypermouse@example.com'),
(40, 'StormClick', 'Kharkiv, Thunder St, 12', '+380671234540', 'stormclick@example.com'),
(41, 'EvoGear', 'Dnipro, Steel St, 19', '+380501234541', 'evogear@example.com'),
(42, 'NanoClick', 'Zaporizhzhia, River St, 6', '+380631234542', 'nanoclick@example.com'),
(43, 'TechnoMouse', 'Vinnytsia, Oak St, 10', '+380671234543', 'technomouse@example.com'),
(44, 'PrecisionClick', 'Poltava, Victory St, 5', '+380501234544', 'precisionclick@example.com'),
(45, 'OptiMouse', 'Chernihiv, Freedom St, 22', '+380631234545', 'optimouse@example.com'),
(46, 'GigaClick', 'Sumy, Main St, 18', '+380671234546', 'gigaclick@example.com'),
(47, 'NextGenMouse', 'Ternopil, Lake St, 9', '+380501234547', 'nextgenmouse@example.com'),
(48, 'EliteClick', 'Ivano-Frankivsk, Mountain St, 17', '+380631234548', 'eliteclick@example.com'),
(49, 'SwiftMouse', 'Cherkasy, Garden St, 13', '+380671234549', 'swiftmouse@example.com'),
(50, 'PowerClick', 'Zhytomyr, Sun St, 11', '+380501234550', 'powerclick@example.com'),
(51, 'ClickStorm', 'Kherson, Wave St, 20', '+380631234551', 'clickstorm@example.com'),
(52, 'NeonTech', 'Chernivtsi, Star St, 7', '+380671234552', 'neontech@example.com'),
(53, 'HorizonClick', 'Rivne, Meadow St, 4', '+380501234553', 'horizonclick@example.com'),
(54, 'CyberMouse', 'Kropyvnytskyi, Energy St, 2', '+380631234554', 'cybermouse@example.com'),
(55, 'InfinityClick', 'Uzhhorod, Sky St, 15', '+380671234555', 'infinityclick@example.com'),
(56, 'QuickTech', 'Lutsk, Market St, 21', '+380501234556', 'quicktech@example.com'),
(57, 'TitanMouse', 'Kyiv, Riverbank St, 8', '+380631234557', 'titanmouse@example.com'),
(58, 'FlashClick', 'Lviv, Castle St, 16', '+380671234558', 'flashclick@example.com'),
(59, 'VortexGear', 'Odessa, Port St, 3', '+380501234559', 'vortexgear@example.com'),
(60, 'MaxSpeedMouse', 'Kharkiv, Sprint St, 12', '+380631234560', 'maxspeedmouse@example.com'),
(61, 'EdgeClick', 'Dnipro, Horizon St, 14', '+380671234561', 'edgeclick@example.com'),
(62, 'StormyTech', 'Zaporizhzhia, Wind St, 11', '+380501234562', 'stormytech@example.com'),
(63, 'ProGear', 'Vinnytsia, Light St, 17', '+380631234563', 'progear@example.com'),
(64, 'ZenClick', 'Poltava, Quiet St, 5', '+380671234564', 'zenclick@example.com'),
(65, 'QuantumMouse', 'Chernihiv, Wave St, 22', '+380501234565', 'quantummouse@example.com'),
(66, 'UltraClick', 'Sumy, Meadow St, 18', '+380631234566', 'ultraclick@example.com'),
(67, 'SmartMouse', 'Ternopil, Oak St, 9', '+380671234567', 'smartmouse@example.com'),
(68, 'EagleClick', 'Ivano-Frankivsk, Freedom St, 13', '+380501234568', 'eagleclick@example.com'),
(69, 'NeptuneGear', 'Cherkasy, Water St, 11', '+380631234569', 'neptunegear@example.com'),
(70, 'SolarMouse', 'Zhytomyr, Star St, 10', '+380671234570', 'solarmouse@example.com'),
(71, 'HyperClick', 'Kherson, Tech St, 19', '+380501234571', 'hyperclick@example.com'),
(72, 'TurboClick', 'Kyiv, Fast St, 12', '+380671234572', 'turboclick@example.com'),
(73, 'LightningMouse', 'Lviv, Flash St, 8', '+380501234573', 'lightningmouse@example.com'),
(74, 'SkyTech', 'Odessa, Cloud St, 3', '+380631234574', 'skytech@example.com'),
(75, 'WaveClick', 'Kharkiv, Ocean St, 22', '+380671234575', 'waveclick@example.com'),
(76, 'EliteGear', 'Dnipro, Diamond St, 19', '+380501234576', 'elitegear@example.com'),
(77, 'NeonClick', 'Zaporizhzhia, Glow St, 7', '+380631234577', 'neonclick@example.com'),
(78, 'UltraSpeed', 'Vinnytsia, Race St, 10', '+380671234578', 'ultraspeed@example.com'),
(79, 'ZenMouse', 'Poltava, Calm St, 15', '+380501234579', 'zenmouse@example.com'),
(80, 'OptimaClick', 'Chernihiv, Smart St, 11', '+380631234580', 'optimaclick@example.com'),
(81, 'HyperTech', 'Sumy, Energy St, 5', '+380671234581', 'hypertech@example.com'),
(82, 'NextGenClick', 'Ternopil, Future St, 9', '+380501234582', 'nextgenclick@example.com'),
(83, 'SwiftGear', 'Ivano-Frankivsk, Windy St, 18', '+380631234583', 'swiftgear@example.com'),
(84, 'StormMouse', 'Cherkasy, Rain St, 6', '+380671234584', 'stormmouse@example.com'),
(85, 'BlazeClick', 'Zhytomyr, Fire St, 13', '+380501234585', 'blazeclick@example.com'),
(86, 'EclipseTech', 'Kherson, Shadow St, 20', '+380631234586', 'eclipsetech@example.com'),
(87, 'TitanClick', 'Chernivtsi, Strong St, 14', '+380671234587', 'titanclick@example.com'),
(88, 'SonicMouse', 'Rivne, Sonic St, 4', '+380501234588', 'sonicmouse@example.com'),
(89, 'NovaClick', 'Kropyvnytskyi, Star St, 17', '+380631234589', 'novaclick@example.com'),
(90, 'QuantumGear', 'Uzhhorod, Science St, 2', '+380671234590', 'quantumgear@example.com'),
(91, 'InfinityMouse', 'Lutsk, Endless St, 15', '+380501234591', 'infinitymouse@example.com'),
(92, 'CyberClick', 'Kyiv, Digital St, 8', '+380631234592', 'cyberclick@example.com'),
(93, 'AeroTech', 'Lviv, Air St, 21', '+380671234593', 'aerotech@example.com'),
(94, 'MegaClick', 'Odessa, Giant St, 3', '+380501234594', 'megaclick@example.com'),
(95, 'SolarClick', 'Kharkiv, Sun St, 12', '+380631234595', 'solarclick@example.com'),
(96, 'StormGear', 'Dnipro, Thunder St, 14', '+380671234596', 'stormgear@example.com'),
(97, 'VortexClick', 'Zaporizhzhia, Swirl St, 11', '+380501234597', 'vortexclick@example.com'),
(98, 'NeptuneClick', 'Vinnytsia, Ocean St, 18', '+380631234598', 'neptuneclick@example.com'),
(99, 'OptiClick', 'Kyiv, Prospect St, 45', '+380671234599', 'opticlick@example.com'),
(100, 'FinalMouse', 'Lutsk, Market St, 21', '+380671234600', 'finalmouse@example.com');

INSERT INTO ComputerMouse (ProductId, ModelName, Brand, Type, ButtonCount, Size, Price, StockQuantity, Color, SupplierId)
VALUES 
(101, 'MX Master 3', 'Logitech', 'Wireless', 7, 'Medium', 2500, 50, 'Black', 1),
(102, 'Razer DeathAdder V2', 'Razer', 'Wired', 6, 'Large', 2000, 30, 'White', 2),
(103, 'SteelSeries Rival 3', 'SteelSeries', 'Wired', 6, 'Small', 1500, 40, 'Gray', 3),
(104, 'Logitech G Pro', 'Logitech', 'Wireless', 6, 'Medium', 2800, 50, 'Black', 4),
(105, 'Razer Naga X', 'Razer', 'Wired', 12, 'Large', 3000, 20, 'Black', 5),
(106, 'Model D', 'Glorious', 'Wired', 6, 'Medium', 1800, 30, 'White', 6),
(107, 'G502 Hero', 'Logitech', 'Wired', 11, 'Large', 2200, 25, 'Black', 7),
(108, 'Viper Mini', 'Razer', 'Wired', 6, 'Small', 1300, 40, 'Black', 8),
(109, 'Rival 600', 'SteelSeries', 'Wired', 7, 'Large', 2400, 20, 'Gray', 9),
(110, 'G305 Lightspeed', 'Logitech', 'Wireless', 6, 'Medium', 1700, 35, 'Black', 10),
(111, 'Basilisk V2', 'Razer', 'Wired', 11, 'Large', 2000, 30, 'Green', 11),
(112, 'Aerox 3', 'SteelSeries', 'Wireless', 6, 'Small', 1900, 25, 'Black', 12),
(113, 'M720 Triathlon', 'Logitech', 'Wireless', 8, 'Medium', 1600, 40, 'Blue', 13),
(114, 'Naga Trinity', 'Razer', 'Wired', 12, 'Large', 2500, 15, 'Black', 14),
(115, 'Sensei Ten', 'SteelSeries', 'Wired', 8, 'Medium', 2100, 30, 'White', 15),
(116, 'G903 Lightspeed', 'Logitech', 'Wireless', 11, 'Large', 3000, 20, 'Black', 16),
(117, 'DeathAdder Elite', 'Razer', 'Wired', 7, 'Medium', 1800, 35, 'Black', 17),
(118, 'Rival 310', 'SteelSeries', 'Wired', 6, 'Large', 1700, 40, 'Gray', 18),
(119, 'G Pro X Superlight', 'Logitech', 'Wireless', 5, 'Medium', 3500, 10, 'White', 19),
(120, 'Viper Ultimate', 'Razer', 'Wireless', 8, 'Large', 2800, 15, 'Black', 20),
(121, 'G502 Lightspeed', 'Logitech', 'Wireless', 11, 'Large', 3200, 20, 'Black', 21),
(122, 'Rival 650', 'SteelSeries', 'Wireless', 7, 'Medium', 2700, 25, 'Gray', 22),
(123, 'Basilisk X Hyperspeed', 'Razer', 'Wireless', 6, 'Large', 1900, 30, 'Green', 23),
(124, 'G703 Lightspeed', 'Logitech', 'Wireless', 6, 'Medium', 2500, 35, 'Black', 24),
(125, 'Aerox 9', 'SteelSeries', 'Wireless', 12, 'Large', 2900, 15, 'White', 25),
(126, 'DeathAdder V2 Pro', 'Razer', 'Wireless', 8, 'Large', 2600, 20, 'Black', 26),
(127, 'G604 Lightspeed', 'Logitech', 'Wireless', 15, 'Large', 3000, 10, 'Black', 27),
(128, 'Rival 700', 'SteelSeries', 'Wired', 7, 'Large', 2300, 25, 'Black', 28),
(129, 'Naga Pro', 'Razer', 'Wireless', 10, 'Large', 3400, 15, 'Black', 29),
(130, 'G903 Hero', 'Logitech', 'Wireless', 11, 'Large', 3100, 20, 'Black', 30),
(131, 'Sensei Ten', 'SteelSeries', 'Wired', 8, 'Medium', 2100, 30, 'White', 31),
(132, 'Viper Mini Signature', 'Razer', 'Wireless', 6, 'Small', 3500, 10, 'Black', 32),
(133, 'G Pro Wireless', 'Logitech', 'Wireless', 8, 'Medium', 2800, 25, 'Black', 33),
(134, 'Rival 5', 'SteelSeries', 'Wired', 9, 'Medium', 2000, 35, 'Gray', 34),
(135, 'Basilisk V3', 'Razer', 'Wired', 11, 'Large', 2200, 30, 'Black', 35),
(136, 'MX Anywhere 3', 'Logitech', 'Wireless', 6, 'Small', 2400, 40, 'Blue', 36),
(137, 'Aerox 5', 'SteelSeries', 'Wireless', 9, 'Medium', 2600, 20, 'Black', 37),
(138, 'DeathAdder Essential', 'Razer', 'Wired', 5, 'Medium', 1500, 50, 'White', 38),
(139, 'G502 X Plus', 'Logitech', 'Wireless', 11, 'Large', 3300, 15, 'Black', 39),
(140, 'Rival 3 Wireless', 'SteelSeries', 'Wireless', 6, 'Small', 1800, 30, 'Black', 40),
(141, 'Naga Trinity Pro', 'Razer', 'Wireless', 12, 'Large', 3600, 10, 'Black', 41),
(142, 'G305 Hero', 'Logitech', 'Wireless', 6, 'Medium', 1700, 35, 'White', 42),
(143, 'Prime Wireless', 'SteelSeries', 'Wireless', 6, 'Medium', 2500, 25, 'Black', 43),
(144, 'Viper 8KHz', 'Razer', 'Wired', 8, 'Large', 2700, 20, 'Black', 44),
(145, 'MX Vertical', 'Logitech', 'Wireless', 4, 'Medium', 2900, 15, 'Gray', 45),
(146, 'Rival 310', 'SteelSeries', 'Wired', 6, 'Large', 1700, 40, 'Black', 46),
(147, 'Basilisk Ultimate', 'Razer', 'Wireless', 11, 'Large', 3000, 15, 'Black', 47),
(148, 'G703 Hero', 'Logitech', 'Wireless', 6, 'Medium', 2600, 25, 'Black', 48),
(149, 'Aerox 3 Wireless', 'SteelSeries', 'Wireless', 6, 'Small', 2200, 30, 'White', 49),
(150, 'DeathAdder V2 Mini', 'Razer', 'Wired', 6, 'Small', 1600, 35, 'Black', 50),
(151, 'G502 X', 'Logitech', 'Wired', 11, 'Large', 2400, 20, 'Black', 51),
(152, 'Rival 600', 'SteelSeries', 'Wired', 7, 'Large', 2300, 25, 'Gray', 52),
(153, 'Naga X', 'Razer', 'Wired', 12, 'Large', 2000, 30, 'Black', 53),
(154, 'G Pro X Superlight', 'Logitech', 'Wireless', 5, 'Medium', 3500, 10, 'White', 54),
(155, 'Prime Mini', 'SteelSeries', 'Wired', 6, 'Small', 1900, 35, 'Black', 55),
(156, 'Viper Mini', 'Razer', 'Wired', 6, 'Small', 1300, 40, 'Black', 56),
(157, 'MX Master 3S', 'Logitech', 'Wireless', 7, 'Medium', 2700, 20, 'Black', 57),
(158, 'Rival 650 Wireless', 'SteelSeries', 'Wireless', 7, 'Medium', 2800, 15, 'Gray', 58),
(159, 'Basilisk V3 Pro', 'Razer', 'Wireless', 11, 'Large', 3200, 10, 'Black', 59),
(160, 'G604 Lightspeed', 'Logitech', 'Wireless', 15, 'Large', 3000, 10, 'Black', 60),
(161, 'Aerox 9 Wireless', 'SteelSeries', 'Wireless', 12, 'Large', 2900, 15, 'White', 61),
(162, 'DeathAdder V2 X', 'Razer', 'Wired', 6, 'Medium', 1800, 30, 'Black', 62),
(163, 'G502 Hero', 'Logitech', 'Wired', 11, 'Large', 2200, 25, 'Black', 63),
(164, 'Rival 700', 'SteelSeries', 'Wired', 7, 'Large', 2300, 25, 'Black', 64),
(165, 'Naga Pro Wireless', 'Razer', 'Wireless', 10, 'Large', 3400, 15, 'Black', 65),
(166, 'G903 Lightspeed', 'Logitech', 'Wireless', 11, 'Large', 3000, 20, 'Black', 66),
(167, 'Sensei Ten', 'SteelSeries', 'Wired', 8, 'Medium', 2100, 30, 'White', 67),
(168, 'Viper Mini Signature', 'Razer', 'Wireless', 6, 'Small', 3500, 10, 'Black', 68),
(169, 'G Pro Wireless', 'Logitech', 'Wireless', 8, 'Medium', 2800, 25, 'Black', 69),
(170, 'Rival 5', 'SteelSeries', 'Wired', 9, 'Medium', 2000, 35, 'Gray', 70),
(171, 'Basilisk V3', 'Razer', 'Wired', 11, 'Large', 2200, 30, 'Black', 71),
(172, 'MX Anywhere 3', 'Logitech', 'Wireless', 6, 'Small', 2400, 40, 'Blue', 72),
(173, 'Aerox 5', 'SteelSeries', 'Wireless', 9, 'Medium', 2600, 20, 'Black', 73),
(174, 'DeathAdder Essential', 'Razer', 'Wired', 5, 'Medium', 1500, 50, 'White', 74),
(175, 'G502 X Plus', 'Logitech', 'Wireless', 11, 'Large', 3300, 15, 'Black', 75),
(176, 'Rival 3 Wireless', 'SteelSeries', 'Wireless', 6, 'Small', 1800, 30, 'Black', 76),
(177, 'Naga Trinity Pro', 'Razer', 'Wireless', 12, 'Large', 3600, 10, 'Black', 77),
(178, 'G305 Hero', 'Logitech', 'Wireless', 6, 'Medium', 1700, 35, 'White', 78),
(179, 'Prime Wireless', 'SteelSeries', 'Wireless', 6, 'Medium', 2500, 25, 'Black', 79),
(180, 'Viper 8KHz', 'Razer', 'Wired', 8, 'Large', 2700, 20, 'Black', 80),
(181, 'MX Vertical', 'Logitech', 'Wireless', 4, 'Medium', 2900, 15, 'Gray', 81),
(182, 'Rival 310', 'SteelSeries', 'Wired', 6, 'Large', 1700, 40, 'Black', 82),
(183, 'Basilisk Ultimate', 'Razer', 'Wireless', 11, 'Large', 3000, 15, 'Black', 83),
(184, 'G703 Hero', 'Logitech', 'Wireless', 6, 'Medium', 2600, 25, 'Black', 84),
(185, 'Aerox 3 Wireless', 'SteelSeries', 'Wireless', 6, 'Small', 2200, 30, 'White', 85),
(186, 'DeathAdder V2 Mini', 'Razer', 'Wired', 6, 'Small', 1600, 35, 'Black', 86),
(187, 'G502 X', 'Logitech', 'Wired', 11, 'Large', 2400, 20, 'Black', 87),
(188, 'Rival 600', 'SteelSeries', 'Wired', 7, 'Large', 2300, 25, 'Gray', 88),
(189, 'Naga X', 'Razer', 'Wired', 12, 'Large', 2000, 30, 'Black', 89),
(190, 'Glorious Model O', 'Glorious', 'Wireless', 6, 'Medium', 2100, 25, 'Black', 90);
(191, 'Corsair Harpoon RGB', 'Corsair', 'Wired', 6, 'Small', 1600, 35, 'Blue', 91),
(192, 'Asus ROG Gladius II', 'Asus', 'Wireless', 7, 'Large', 2300, 20, 'Black', 92),
(193, 'Dell Alienware AW610M', 'Dell', 'Wireless', 8, 'Medium', 2700, 15, 'Gray', 93),
(194, 'Acer Predator Cestus 330', 'Acer', 'Wired', 7, 'Large', 2000, 30, 'White', 94),
(195, 'MSI Clutch GM41', 'MSI', 'Wireless', 6, 'Medium', 1900, 40, 'Black', 95),
(196, 'HP Omen Reactor', 'HP', 'Wired', 6, 'Small', 1500, 50, 'Red', 96),
(197, 'Trust GXT 900 Qudos', 'Trust', 'Wired', 7, 'Large', 1200, 45, 'Black', 97),
(198, 'Gigabyte Aorus M5', 'Gigabyte', 'Wireless', 6, 'Medium', 1700, 35, 'White', 98),
(199, 'BenQ Zowie EC2', 'BenQ', 'Wired', 6, 'Small', 1400, 60, 'Gray', 99),
(200, 'FinalMouse Ultralight 2', 'FinalMouse', 'Wireless', 5, 'Small', 3200, 10, 'Black', 100);


INSERT INTO Customer (CustomerId, FirstName, LastName, Email, PhoneNumber, ShippingAddress, BonusAccountNumber)
VALUES 
(1001, 'Oleg', 'Ivanenko', 'oleg@example.com', '+380501112233', 'Kyiv, Polyarna St, 8', '12345'),
(1002, 'Maria', 'Koval', 'maria@example.com', '+380631112233', 'Lviv, Zelena St, 4', '12346'),
(1003, 'Dmytro', 'Shevchenko', 'dmytro@example.com', '+380671112233', 'Odessa, Prymorska St, 14', '12347');

INSERT INTO OrderTable (OrderId, CustomerId, OrderDate, TotalAmount)
VALUES 
(1, 1001, '2024-11-23', 5000),
(2, 1002, '2024-11-22', 3000),
(3, 1003, '2024-11-21', 1500);

INSERT INTO OrderDetails (OrderDetailsId, ProductId, OrderId, ProductQuantity, ItemAmount)
VALUES 
(1, 101, 1, 2, 5000),
(2, 102, 2, 1, 2000),
(3, 103, 3, 1, 1500);