use pcmouse;
INSERT INTO Постачальник (Код_постачальника, Назва, Адреса, Контактний_номер, Електронна_пошта)
VALUES 
(1, 'TechSupply', 'Kyiv, вул. Вишнева, 10', '+380501234567', 'techsupply@example.com'),
(2, 'MousePro', 'Lviv, вул. Сонячна, 22', '+380631234567', 'mousepro@example.com'),
(3, 'GadgetWorld', 'Odessa, вул. Дерибасівська, 1', '+380671234567', 'gadgetworld@example.com');

INSERT INTO Компютерна_Мишка (Код_товару, Назва_моделі, Бренд, Тип, Кількість_кнопок, Розмір, Ціна, Кількість_на_складі, Колір, Код_постачальника)
VALUES 
(101, 'MX Master 3', 'Logitech', 'Бездротова', 7, 'Середній', 2500, 50, 'Чорний', 1),
(102, 'Razer DeathAdder V2', 'Razer', 'Провідна', 6, 'Великий', 2000, 30, 'Білий', 2),
(103, 'SteelSeries Rival 3', 'SteelSeries', 'Провідна', 6, 'Малий', 1500, 40, 'Сірий', 3);

INSERT INTO Клієнт (Код_покупця, Ім_я, Прізвище, Адреса_електронної_пошти, Номер_телефону, Адреса_доставки, Номер_бонусного_рахунку)
VALUES 
(1001, 'Олег', 'Іваненко', 'oleg@example.com', '+380501112233', 'Київ, вул. Полярна, 8', '12345'),
(1002, 'Марія', 'Коваль', 'maria@example.com', '+380631112233', 'Львів, вул. Зелена, 4', '12346'),
(1003, 'Дмитро', 'Шевченко', 'dmytro@example.com', '+380671112233', 'Одеса, вул. Приморська, 14', '12347');

INSERT INTO Замовлення (Код_замовлення, Код_покупця, Дата_замовлення, Загальна_сума_замовлення)
VALUES 
(1, 1001, '2024-11-23', 5000),
(2, 1002, '2024-11-22', 3000),
(3, 1003, '2024-11-21', 1500);

INSERT INTO Деталі_Замовлення (Код_деталей_замовлення, Код_товару, Код_замовлення, Кількість_товару, Сума_за_позицію)
VALUES 
(1, 101, 1, 2, 5000),
(2, 102, 2, 1, 2000),
(3, 103, 3, 1, 1500);
